airline,date_of_journey,source,destination,dep_time,arrival_time,duration,total_stops,additional_info,price
Spicejet,2019-06-03,Kolkata,Banglore,17:10:00,19:40:00,150,0.0,No check-in baggage included,3841
Spicejet,2019-06-12,Kolkata,Banglore,15:05:00,20:20:00,315,1.0,No Info,4649
Jet Airways,2019-04-06,Banglore,Delhi,19:50:00,22:50:00,180,0.0,No Info,7229
Multiple Carriers,2019-06-15,Delhi,Cochin,13:00:00,19:15:00,375,1.0,No Info,16108
Jet Airways,2019-03-24,Kolkata,Banglore,18:55:00,16:20:00,1285,1.0,No Info,14231
Jet Airways,2019-03-01,Banglore,New Delhi,08:55:00,16:10:00,435,1.0,No Info,26890
Jet Airways,2019-06-18,Banglore,Delhi,15:50:00,18:45:00,175,0.0,No Info,8016
Indigo,2019-03-09,Delhi,Cochin,07:35:00,16:10:00,515,1.0,No Info,6674
Spicejet,2019-05-06,Banglore,Delhi,09:30:00,12:20:00,170,0.0,No Info,3971
Vistara,2019-04-21,Delhi,Cochin,14:40:00,17:50:00,190,0.0,No Info,6741
Multiple Carriers,2019-04-09,Delhi,Cochin,17:00:00,01:30:00,510,1.0,No Info,6838
Jet Airways,2019-05-21,Delhi,Cochin,05:30:00,12:35:00,425,2.0,No Info,16274
Jet Airways,2019-06-21,Delhi,Cochin,11:00:00,14:15:00,195,0.0,No Info,9564
Indigo,2019-05-12,Banglore,Delhi,21:15:00,00:15:00,180,0.0,No Info,3943
Indigo,2019-06-15,Kolkata,Banglore,15:15:00,17:45:00,150,0.0,No Info,4804
Jet Airways,2019-05-27,Delhi,Cochin,02:15:00,12:35:00,620,1.0,No Info,16376
Indigo,2019-06-24,Delhi,Cochin,05:05:00,16:10:00,665,1.0,No Info,6442
Air India,2019-06-21,Chennai,Kolkata,11:40:00,13:55:00,135,0.0,No Info,4667
Indigo,2019-06-12,Delhi,Cochin,04:55:00,21:00:00,965,1.0,No Info,5894
Jet Airways,2019-05-18,Delhi,Cochin,14:00:00,04:25:00,865,1.0,In-flight meal not included,12373
Indigo,2019-06-06,Kolkata,Banglore,21:25:00,00:05:00,160,0.0,No Info,4804
Indigo,2019-06-09,Delhi,Cochin,02:00:00,07:25:00,325,1.0,No Info,5636
Jet Airways,2019-03-15,Banglore,New Delhi,05:45:00,10:25:00,280,1.0,In-flight meal not included,9134
Indigo,2019-05-18,Delhi,Cochin,15:10:00,20:00:00,290,1.0,No Info,6496
Air India,2019-06-03,Delhi,Cochin,03:50:00,19:15:00,925,1.0,No Info,8669
Indigo,2019-03-24,Banglore,New Delhi,10:10:00,13:00:00,170,0.0,No Info,10067
Jet Airways,2019-05-01,Banglore,Delhi,08:20:00,11:20:00,180,0.0,In-flight meal not included,5198
Jet Airways,2019-03-06,Banglore,New Delhi,08:00:00,18:25:00,625,1.0,No Info,16736
Indigo,2019-06-06,Banglore,Delhi,20:00:00,22:50:00,170,0.0,No Info,4823
Indigo,2019-05-24,Banglore,Delhi,01:30:00,04:15:00,165,0.0,No Info,3419
Indigo,2019-03-21,Mumbai,Hyderabad,12:00:00,13:25:00,85,0.0,No Info,3342
Indigo,2019-03-15,Banglore,New Delhi,14:25:00,19:25:00,300,1.0,No Info,9165
Air Asia,2019-05-24,Banglore,Delhi,23:55:00,02:45:00,170,0.0,No Info,4483
Jet Airways,2019-03-06,Banglore,New Delhi,22:50:00,09:30:00,640,1.0,No Info,17261
Jet Airways,2019-06-06,Delhi,Cochin,09:00:00,19:00:00,600,1.0,No Info,14714
Spicejet,2019-05-06,Kolkata,Banglore,06:55:00,09:30:00,155,0.0,No check-in baggage included,3841
Vistara,2019-06-15,Banglore,Delhi,07:00:00,09:40:00,160,0.0,No Info,4878
Jet Airways,2019-06-09,Kolkata,Banglore,08:25:00,04:40:00,1215,1.0,In-flight meal not included,8586
Indigo,2019-03-24,Mumbai,Hyderabad,02:30:00,04:00:00,90,0.0,No Info,2754
Jet Airways,2019-06-12,Delhi,Cochin,06:45:00,04:25:00,1300,2.0,No Info,13376
Jet Airways,2019-05-18,Kolkata,Banglore,08:25:00,18:15:00,590,1.0,In-flight meal not included,10844
Spicejet,2019-06-09,Kolkata,Banglore,22:20:00,00:40:00,140,0.0,No check-in baggage included,3841
Indigo,2019-06-15,Delhi,Cochin,18:35:00,01:30:00,415,1.0,No Info,5883
Goair,2019-04-24,Delhi,Cochin,07:00:00,12:55:00,355,1.0,No Info,6195
Air India,2019-06-06,Delhi,Cochin,10:55:00,07:40:00,1245,2.0,No Info,11753
Indigo,2019-06-18,Kolkata,Banglore,17:15:00,19:50:00,155,0.0,No Info,4804
Jet Airways,2019-05-06,Kolkata,Banglore,20:00:00,09:20:00,800,1.0,No Info,14388
Indigo,2019-06-18,Mumbai,Hyderabad,02:35:00,04:05:00,90,0.0,No Info,2754
Indigo,2019-03-09,Delhi,Cochin,06:40:00,21:20:00,880,2.0,No Info,8146
Indigo,2019-06-06,Kolkata,Banglore,21:00:00,02:15:00,315,1.0,No Info,6711
Jet Airways,2019-05-12,Kolkata,Banglore,21:10:00,18:15:00,1265,1.0,In-flight meal not included,10844
Jet Airways,2019-05-18,Kolkata,Banglore,05:45:00,19:50:00,845,1.0,In-flight meal not included,10844
Jet Airways,2019-05-09,Kolkata,Banglore,16:30:00,04:40:00,730,1.0,In-flight meal not included,10844
Air India,2019-03-21,Delhi,Cochin,09:45:00,23:00:00,795,1.0,No Info,5704
Jet Airways,2019-06-03,Delhi,Cochin,16:00:00,04:25:00,745,1.0,No Info,14714
Multiple Carriers,2019-06-15,Delhi,Cochin,13:00:00,01:30:00,750,1.0,No Info,13377
Indigo,2019-05-21,Kolkata,Banglore,15:30:00,18:05:00,155,0.0,No Info,4804
Vistara,2019-06-09,Kolkata,Banglore,17:00:00,22:55:00,355,1.0,No Info,9187
Jet Airways,2019-05-27,Mumbai,Hyderabad,10:20:00,11:50:00,90,0.0,No Info,8040
Goair,2019-06-09,Delhi,Cochin,14:25:00,19:35:00,310,1.0,No Info,9069
Vistara,2019-04-09,Banglore,Delhi,21:00:00,23:50:00,170,0.0,No Info,5403
Indigo,2019-05-01,Banglore,Delhi,07:10:00,10:05:00,175,0.0,No Info,4823
Air India,2019-03-06,Delhi,Cochin,06:50:00,07:40:00,1490,2.0,No Info,20416
Jet Airways,2019-03-24,Kolkata,Banglore,13:55:00,04:45:00,890,1.0,In-flight meal not included,10661
Jet Airways,2019-06-27,Delhi,Cochin,21:25:00,19:00:00,1295,2.0,In-flight meal not included,11507
Indigo,2019-06-27,Delhi,Cochin,11:25:00,01:30:00,845,1.0,No Info,5684
Jet Airways,2019-05-18,Delhi,Cochin,20:00:00,04:25:00,505,2.0,No Info,16263
Indigo,2019-04-24,Banglore,Delhi,06:05:00,08:50:00,165,0.0,No Info,4423
Air India,2019-06-21,Delhi,Cochin,05:10:00,08:00:00,170,0.0,No Info,5201
Jet Airways,2019-05-01,Delhi,Cochin,09:40:00,12:35:00,1615,2.0,No Info,15129
Air India,2019-05-21,Kolkata,Banglore,12:00:00,07:55:00,1195,2.0,No Info,10676
Air India,2019-05-24,Kolkata,Banglore,09:25:00,13:45:00,1700,2.0,No Info,12592
Jet Airways,2019-03-15,Banglore,New Delhi,05:50:00,12:20:00,390,1.0,In-flight meal not included,5853
Indigo,2019-04-12,Kolkata,Banglore,04:40:00,07:15:00,155,0.0,No Info,4174
Air India,2019-06-06,Delhi,Cochin,05:00:00,19:15:00,2295,2.0,No Info,9653
Vistara,2019-06-12,Banglore,Delhi,19:30:00,22:15:00,165,0.0,No Info,4878
Air India,2019-06-09,Banglore,Delhi,10:00:00,12:45:00,165,0.0,No Info,6961
Jet Airways,2019-06-12,Delhi,Cochin,19:30:00,04:25:00,535,2.0,In-flight meal not included,10368
Jet Airways,2019-05-21,Banglore,Delhi,07:10:00,10:10:00,180,0.0,In-flight meal not included,4030
Jet Airways,2019-03-03,Delhi,Cochin,11:30:00,18:50:00,440,1.0,No Info,18550
Indigo,2019-03-01,Chennai,Kolkata,14:40:00,17:05:00,145,0.0,No Info,7295
Jet Airways,2019-06-24,Delhi,Cochin,19:45:00,04:25:00,520,1.0,In-flight meal not included,10262
Jet Airways,2019-04-12,Banglore,Delhi,06:00:00,08:45:00,165,0.0,In-flight meal not included,5198
Air India,2019-06-01,Delhi,Cochin,16:40:00,19:15:00,1595,2.0,No Info,9863
Vistara,2019-05-27,Banglore,Delhi,21:00:00,23:50:00,170,0.0,No Info,4668
Indigo,2019-05-06,Kolkata,Banglore,17:15:00,19:50:00,155,0.0,No Info,4804
Jet Airways,2019-05-09,Kolkata,Banglore,09:35:00,10:55:00,1520,1.0,In-flight meal not included,8066
Indigo,2019-05-09,Kolkata,Banglore,09:20:00,14:15:00,295,1.0,No Info,11465
Multiple Carriers,2019-05-18,Delhi,Cochin,09:45:00,22:30:00,765,1.0,No Info,10348
Indigo,2019-05-09,Chennai,Kolkata,11:35:00,14:00:00,145,0.0,No Info,4332
Air India,2019-05-21,Delhi,Cochin,17:15:00,07:40:00,865,2.0,No Info,13039
Multiple Carriers,2019-06-15,Delhi,Cochin,07:00:00,21:00:00,840,1.0,No Info,7408
Jet Airways,2019-05-27,Banglore,Delhi,17:45:00,20:45:00,180,0.0,No Info,7229
Multiple Carriers,2019-03-09,Delhi,Cochin,00:20:00,12:55:00,755,1.0,In-flight meal not included,18260
Indigo,2019-03-21,Delhi,Cochin,11:30:00,01:35:00,845,1.0,No Info,7318
Indigo,2019-06-15,Chennai,Kolkata,11:35:00,14:00:00,145,0.0,No Info,3858
Multiple Carriers,2019-06-06,Delhi,Cochin,11:25:00,19:00:00,455,1.0,No Info,10877
Jet Airways,2019-06-03,Delhi,Cochin,14:00:00,04:25:00,865,1.0,No Info,14714
Indigo,2019-05-06,Kolkata,Banglore,22:15:00,00:50:00,155,0.0,No Info,4804
Jet Airways,2019-05-21,Kolkata,Banglore,21:10:00,10:05:00,775,1.0,In-flight meal not included,8586
Jet Airways,2019-05-09,Delhi,Cochin,14:00:00,12:35:00,1355,1.0,In-flight meal not included,12373
Jet Airways,2019-05-09,Delhi,Cochin,11:30:00,12:35:00,1505,1.0,In-flight meal not included,12373
Jet Airways,2019-05-18,Kolkata,Banglore,18:55:00,08:15:00,800,1.0,In-flight meal not included,7757
Air Asia,2019-03-03,Banglore,New Delhi,05:50:00,08:40:00,170,0.0,No Info,7074
Multiple Carriers,2019-05-21,Delhi,Cochin,13:05:00,00:55:00,710,1.0,No Info,9486
Indigo,2019-06-21,Kolkata,Banglore,15:15:00,17:45:00,150,0.0,No Info,4804
Jet Airways,2019-05-01,Mumbai,Hyderabad,07:05:00,08:30:00,85,0.0,No Info,8040
Air India,2019-05-21,Delhi,Cochin,17:40:00,08:15:00,875,1.0,No Info,8151
Indigo,2019-06-18,Chennai,Kolkata,05:15:00,07:40:00,145,0.0,No Info,3540
Spicejet,2019-05-06,Kolkata,Banglore,17:10:00,19:40:00,150,0.0,No Info,4491
Jet Airways,2019-05-21,Delhi,Cochin,16:00:00,19:00:00,1620,1.0,In-flight meal not included,12898
Indigo,2019-03-09,Delhi,Cochin,08:35:00,21:20:00,765,2.0,No Info,8146
Air India,2019-03-18,Banglore,New Delhi,17:25:00,23:25:00,1800,2.0,No Info,11518
Air Asia,2019-06-06,Kolkata,Banglore,19:55:00,23:30:00,215,1.0,No Info,6857
Air India,2019-05-21,Kolkata,Banglore,05:50:00,23:15:00,1045,2.0,No Info,13143
Jet Airways,2019-05-01,Mumbai,Hyderabad,07:05:00,08:30:00,85,0.0,In-flight meal not included,4995
Multiple Carriers,2019-06-24,Delhi,Cochin,06:00:00,12:35:00,395,1.0,No Info,12524
Jet Airways,2019-05-06,Banglore,Delhi,15:15:00,18:10:00,175,0.0,In-flight meal not included,3702
Air India,2019-05-06,Kolkata,Banglore,12:00:00,07:55:00,1195,2.0,No Info,10151
Jet Airways,2019-05-09,Delhi,Cochin,19:15:00,19:00:00,1425,1.0,No Info,15554
Air India,2019-03-06,Mumbai,Hyderabad,06:00:00,09:10:00,1630,2.0,No Info,13169
Jet Airways,2019-05-27,Delhi,Cochin,17:30:00,12:35:00,1145,1.0,In-flight meal not included,12898
Spicejet,2019-06-24,Mumbai,Hyderabad,22:45:00,00:15:00,90,0.0,No check-in baggage included,1965
Air India,2019-06-24,Delhi,Cochin,17:15:00,19:15:00,1560,2.0,No Info,11989
Indigo,2019-03-06,Delhi,Cochin,16:10:00,22:20:00,370,1.0,No Info,7205
Jet Airways,2019-06-06,Delhi,Cochin,19:45:00,04:25:00,520,1.0,In-flight meal not included,10262
Jet Airways,2019-06-03,Delhi,Cochin,21:50:00,04:25:00,395,1.0,No Info,16079
Jet Airways,2019-06-21,Mumbai,Hyderabad,08:45:00,10:15:00,90,0.0,No Info,8040
Jet Airways,2019-06-12,Delhi,Cochin,07:05:00,12:35:00,330,1.0,No Info,16289
Indigo,2019-06-24,Delhi,Cochin,21:50:00,03:35:00,345,1.0,No Info,5775
Multiple Carriers,2019-05-21,Delhi,Cochin,07:10:00,18:10:00,660,1.0,No Info,7038
Indigo,2019-05-01,Banglore,Delhi,16:55:00,19:55:00,180,0.0,No Info,4823
Multiple Carriers,2019-05-27,Delhi,Cochin,08:00:00,19:00:00,660,1.0,No Info,10407
Jet Airways,2019-06-24,Delhi,Cochin,21:50:00,12:35:00,885,1.0,In-flight meal not included,10262
Jet Airways,2019-05-01,Kolkata,Banglore,17:00:00,14:25:00,1285,1.0,No Info,11467
Jet Airways,2019-05-24,Kolkata,Banglore,21:10:00,12:00:00,890,1.0,In-flight meal not included,9663
Multiple Carriers,2019-05-15,Delhi,Cochin,19:00:00,01:30:00,390,1.0,No Info,8073
Air India,2019-05-06,Kolkata,Banglore,07:00:00,10:30:00,1650,3.0,No Info,13007
Jet Airways,2019-03-06,Banglore,New Delhi,07:00:00,19:10:00,730,1.0,No Info,16736
Air Asia,2019-05-03,Kolkata,Banglore,10:20:00,12:55:00,155,0.0,No Info,4409
Jet Airways,2019-06-09,Kolkata,Banglore,20:00:00,08:15:00,735,1.0,No Info,14939
Indigo,2019-05-21,Mumbai,Hyderabad,06:25:00,07:55:00,90,0.0,No Info,4049
Air India,2019-06-06,Delhi,Cochin,22:00:00,19:15:00,1275,2.0,No Info,10441
Multiple Carriers,2019-03-06,Delhi,Cochin,14:35:00,22:20:00,465,1.0,In-flight meal not included,7563
Goair,2019-03-03,Delhi,Cochin,05:45:00,13:20:00,455,1.0,No Info,5628
Multiple Carriers,2019-06-15,Delhi,Cochin,08:45:00,19:15:00,630,1.0,No Info,9526
Jet Airways,2019-06-09,Kolkata,Banglore,21:10:00,16:20:00,1150,1.0,In-flight meal not included,10844
Multiple Carriers,2019-04-09,Delhi,Cochin,07:05:00,18:10:00,665,1.0,No Info,6601
Jet Airways,2019-05-27,Delhi,Cochin,22:50:00,19:00:00,1210,1.0,In-flight meal not included,12898
Air India,2019-03-09,Banglore,New Delhi,11:05:00,09:15:00,1330,1.0,No Info,11077
Multiple Carriers,2019-03-21,Delhi,Cochin,14:00:00,21:00:00,420,1.0,No Info,13062
Multiple Carriers,2019-06-15,Delhi,Cochin,10:20:00,01:30:00,910,1.0,No Info,6795
Multiple Carriers,2019-03-21,Delhi,Cochin,10:00:00,01:35:00,935,1.0,No Info,8098
Indigo,2019-03-21,Kolkata,Banglore,14:20:00,16:55:00,155,0.0,No Info,5198
Jet Airways,2019-03-21,Delhi,Cochin,11:30:00,18:50:00,440,1.0,No Info,13244
Jet Airways,2019-05-01,Kolkata,Banglore,16:30:00,10:05:00,1055,1.0,In-flight meal not included,8586
Indigo,2019-04-01,Mumbai,Hyderabad,02:35:00,04:05:00,90,0.0,No Info,2754
Indigo,2019-06-03,Chennai,Kolkata,05:15:00,07:40:00,145,0.0,No Info,3540
Jet Airways,2019-06-15,Delhi,Cochin,05:30:00,04:25:00,1375,2.0,No Info,13292
Indigo,2019-05-03,Mumbai,Hyderabad,21:20:00,22:50:00,90,0.0,No Info,2437
Spicejet,2019-06-12,Kolkata,Banglore,11:35:00,18:50:00,435,1.0,No Info,8479
Jet Airways,2019-05-18,Delhi,Cochin,22:50:00,12:35:00,825,1.0,In-flight meal not included,12373
Vistara,2019-06-03,Banglore,Delhi,11:30:00,14:20:00,170,0.0,No Info,4668
Indigo,2019-06-27,Kolkata,Banglore,17:15:00,19:50:00,155,0.0,No Info,4804
Jet Airways,2019-04-27,Banglore,Delhi,07:10:00,10:10:00,180,0.0,In-flight meal not included,4544
Indigo,2019-05-06,Banglore,Delhi,22:10:00,01:00:00,170,0.0,No Info,3419
Goair,2019-04-09,Banglore,Delhi,20:55:00,23:40:00,165,0.0,No Info,4239
Air India,2019-05-09,Delhi,Cochin,07:05:00,09:25:00,1580,2.0,No Info,9347
Indigo,2019-05-21,Kolkata,Banglore,15:15:00,20:05:00,290,1.0,No Info,5170
Jet Airways,2019-05-18,Kolkata,Banglore,18:55:00,04:40:00,585,1.0,In-flight meal not included,8586
Multiple Carriers,2019-03-03,Delhi,Cochin,04:00:00,15:30:00,690,1.0,No Info,14973
Air India,2019-06-06,Delhi,Cochin,13:20:00,19:15:00,1795,2.0,No Info,12961
Vistara,2019-05-09,Banglore,Delhi,17:00:00,19:35:00,155,0.0,No Info,4878
Indigo,2019-04-24,Delhi,Cochin,02:00:00,07:45:00,345,1.0,No Info,5241
Air India,2019-05-24,Banglore,Delhi,17:00:00,19:45:00,165,0.0,No Info,7171
Multiple Carriers,2019-06-03,Delhi,Cochin,08:45:00,19:15:00,630,1.0,No Info,9001
Spicejet,2019-05-12,Mumbai,Hyderabad,22:45:00,00:15:00,90,0.0,No Info,2017
Air Asia,2019-06-06,Banglore,Delhi,11:10:00,13:55:00,165,0.0,No Info,4483
Jet Airways,2019-06-12,Delhi,Cochin,05:30:00,04:25:00,1375,2.0,No Info,13014
Jet Airways,2019-06-09,Kolkata,Banglore,10:20:00,17:35:00,435,1.0,No Info,8355
Air India,2019-05-27,Delhi,Cochin,06:05:00,09:25:00,1640,1.0,No Info,7480
Indigo,2019-06-12,Delhi,Cochin,02:00:00,07:25:00,325,1.0,No Info,5636
Air India,2019-03-12,Mumbai,Hyderabad,21:10:00,16:55:00,255,2.0,No Info,16172
Indigo,2019-06-12,Delhi,Cochin,23:30:00,04:35:00,305,1.0,No Info,10112
Jet Airways,2019-05-21,Delhi,Cochin,02:15:00,12:35:00,620,1.0,In-flight meal not included,12898
Air India,2019-04-09,Delhi,Cochin,08:00:00,19:15:00,675,1.0,No Info,6377
Vistara,2019-04-09,Banglore,Delhi,07:00:00,09:40:00,160,0.0,No Info,5403
Jet Airways,2019-05-21,Kolkata,Banglore,20:25:00,22:05:00,1540,1.0,No Info,13067
Multiple Carriers,2019-05-21,Delhi,Cochin,10:35:00,19:00:00,505,1.0,No Info,9103
Air Asia,2019-05-27,Delhi,Cochin,07:55:00,13:25:00,330,1.0,No Info,6451
Air India,2019-04-12,Banglore,Delhi,10:00:00,12:45:00,165,0.0,No Info,5911
Jet Airways,2019-03-06,Banglore,New Delhi,21:25:00,07:40:00,615,1.0,No Info,16736
Air India,2019-06-15,Delhi,Cochin,20:40:00,09:25:00,765,1.0,No Info,7480
Indigo,2019-05-03,Chennai,Kolkata,05:15:00,07:40:00,145,0.0,No Info,3850
Jet Airways,2019-06-09,Banglore,Delhi,11:10:00,14:05:00,175,0.0,No Info,8016
Multiple Carriers,2019-06-09,Delhi,Cochin,10:20:00,21:00:00,640,1.0,No Info,7005
Jet Airways,2019-03-09,Banglore,New Delhi,18:40:00,00:45:00,365,1.0,No Info,22270
Jet Airways,2019-05-18,Delhi,Cochin,23:05:00,04:25:00,1760,2.0,No Info,16704
Spicejet,2019-06-06,Kolkata,Banglore,06:55:00,09:30:00,155,0.0,No check-in baggage included,3841
Spicejet,2019-04-18,Kolkata,Banglore,22:20:00,00:40:00,140,0.0,No check-in baggage included,3841
Multiple Carriers,2019-04-09,Delhi,Cochin,09:00:00,19:15:00,615,1.0,No Info,12853
Spicejet,2019-04-01,Kolkata,Banglore,06:55:00,09:30:00,155,0.0,No Info,3873
Jet Airways,2019-04-03,Delhi,Cochin,11:00:00,14:15:00,195,0.0,In-flight meal not included,4886
Air India,2019-05-09,Delhi,Cochin,18:05:00,21:10:00,185,0.0,No Info,6094
Indigo,2019-05-21,Delhi,Cochin,07:15:00,12:30:00,315,1.0,No Info,5636
Indigo,2019-04-01,Kolkata,Banglore,17:15:00,19:50:00,155,0.0,No Info,4174
Spicejet,2019-06-24,Mumbai,Hyderabad,13:15:00,14:45:00,90,0.0,No check-in baggage included,1965
Jet Airways,2019-06-21,Banglore,Delhi,08:20:00,11:20:00,180,0.0,No Info,8016
Jet Airways,2019-06-12,Kolkata,Banglore,08:25:00,04:40:00,1215,1.0,In-flight meal not included,6224
Indigo,2019-03-01,Mumbai,Hyderabad,02:30:00,04:00:00,90,0.0,No Info,16000
Multiple Carriers,2019-05-15,Delhi,Cochin,15:15:00,01:30:00,615,1.0,No Info,7670
Jet Airways,2019-06-06,Delhi,Cochin,18:15:00,04:25:00,610,1.0,In-flight meal not included,10262
Indigo,2019-05-24,Delhi,Cochin,18:35:00,01:30:00,415,1.0,No Info,7503
Spicejet,2019-05-18,Delhi,Cochin,15:45:00,22:05:00,380,1.0,No Info,7317
Spicejet,2019-05-21,Chennai,Kolkata,17:45:00,20:05:00,140,0.0,No check-in baggage included,3543
Jet Airways,2019-06-01,Delhi,Cochin,14:35:00,12:35:00,1320,2.0,In-flight meal not included,10919
Spicejet,2019-05-21,Mumbai,Hyderabad,13:15:00,14:45:00,90,0.0,No Info,2017
Vistara,2019-03-06,Mumbai,Hyderabad,11:55:00,09:25:00,1290,1.0,No Info,12395
Multiple Carriers,2019-06-12,Delhi,Cochin,10:00:00,19:00:00,540,1.0,No Info,12192
Jet Airways,2019-06-03,Delhi,Cochin,14:35:00,12:35:00,1320,2.0,No Info,13376
Jet Airways,2019-05-06,Kolkata,Banglore,09:35:00,22:05:00,750,1.0,In-flight meal not included,10703
Jet Airways,2019-05-15,Kolkata,Banglore,06:30:00,12:00:00,330,1.0,No Info,14388
Air India,2019-06-09,Delhi,Cochin,12:55:00,19:15:00,1820,2.0,No Info,12436
Multiple Carriers,2019-06-09,Delhi,Cochin,12:50:00,21:00:00,490,1.0,No Info,7005
Air India,2019-04-01,Kolkata,Banglore,12:00:00,11:10:00,1390,2.0,No Info,9258
Jet Airways,2019-06-27,Delhi,Cochin,23:05:00,19:00:00,1195,2.0,In-flight meal not included,11150
Spicejet,2019-06-18,Kolkata,Banglore,22:20:00,00:40:00,140,0.0,No check-in baggage included,3841
Jet Airways,2019-06-12,Kolkata,Banglore,16:30:00,10:05:00,1055,1.0,No Info,13044
Multiple Carriers,2019-05-09,Delhi,Cochin,06:00:00,19:15:00,795,1.0,No Info,8266
Air India,2019-03-03,Delhi,Cochin,21:30:00,19:15:00,1305,2.0,No Info,12497
Jet Airways,2019-06-27,Delhi,Cochin,19:45:00,19:00:00,1395,1.0,In-flight meal not included,10262
Indigo,2019-03-03,Delhi,Cochin,07:35:00,21:20:00,825,2.0,No Info,9413
Multiple Carriers,2019-03-27,Delhi,Cochin,17:00:00,01:35:00,515,1.0,No Info,6673
Multiple Carriers,2019-06-24,Delhi,Cochin,08:30:00,19:00:00,630,1.0,No Info,10877
Jet Airways,2019-05-27,Delhi,Cochin,07:05:00,12:35:00,330,1.0,In-flight meal not included,12898
Jet Airways,2019-06-03,Delhi,Cochin,20:55:00,12:35:00,940,1.0,In-flight meal not included,10262
Spicejet,2019-03-24,Kolkata,Banglore,22:20:00,00:40:00,140,0.0,No check-in baggage included,5725
Indigo,2019-03-03,Kolkata,Banglore,09:35:00,12:20:00,165,0.0,No Info,6565
Multiple Carriers,2019-05-09,Delhi,Cochin,14:00:00,21:00:00,420,1.0,No Info,13727
Jet Airways,2019-05-18,Delhi,Cochin,13:25:00,04:25:00,900,2.0,No Info,16704
Multiple Carriers,2019-06-27,Delhi,Cochin,09:15:00,19:15:00,600,1.0,No Info,8099
Multiple Carriers,2019-05-01,Delhi,Cochin,07:30:00,19:00:00,690,1.0,No Info,9794
Air India,2019-03-12,Banglore,New Delhi,06:50:00,11:20:00,1710,2.0,No Info,12734
Jet Airways,2019-06-24,Delhi,Cochin,16:00:00,12:35:00,1235,1.0,In-flight meal not included,10262
Multiple Carriers,2019-03-06,Delhi,Cochin,19:00:00,01:35:00,395,1.0,No Info,15147
Multiple Carriers,2019-06-24,Delhi,Cochin,08:00:00,21:00:00,780,1.0,No Info,7618
Jet Airways,2019-05-06,Kolkata,Banglore,21:10:00,10:05:00,775,1.0,In-flight meal not included,7757
Indigo,2019-06-27,Banglore,Delhi,13:00:00,15:50:00,170,0.0,No Info,3943
Multiple Carriers,2019-05-18,Delhi,Cochin,07:00:00,19:00:00,720,1.0,No Info,10197
Indigo,2019-05-18,Delhi,Cochin,06:50:00,12:10:00,320,1.0,No Info,6347
Jet Airways,2019-05-12,Kolkata,Banglore,08:25:00,19:50:00,685,1.0,In-flight meal not included,8586
Air India,2019-06-09,Kolkata,Banglore,09:10:00,13:15:00,245,1.0,No Info,8996
Jet Airways,2019-05-24,Kolkata,Banglore,09:35:00,09:45:00,1450,1.0,No Info,13067
Multiple Carriers,2019-03-06,Delhi,Cochin,10:20:00,18:50:00,510,1.0,No Info,15411
Air Asia,2019-06-01,Delhi,Cochin,16:45:00,07:10:00,865,1.0,No Info,11410
Jet Airways,2019-05-09,Kolkata,Banglore,20:00:00,10:05:00,845,1.0,No Info,13584
Multiple Carriers,2019-05-15,Delhi,Cochin,09:15:00,19:15:00,600,1.0,No Info,8099
Jet Airways,2019-03-27,Mumbai,Hyderabad,15:50:00,17:20:00,90,0.0,No Info,5678
Multiple Carriers,2019-06-09,Delhi,Cochin,03:50:00,11:30:00,460,1.0,No Info,7408
Indigo,2019-04-03,Mumbai,Hyderabad,12:00:00,13:30:00,90,0.0,No Info,2754
Jet Airways,2019-03-27,Delhi,Cochin,08:00:00,18:50:00,650,1.0,In-flight meal not included,6068
Vistara,2019-05-12,Kolkata,Banglore,07:10:00,18:50:00,700,1.0,No Info,8820
Air India,2019-05-18,Kolkata,Banglore,08:20:00,11:10:00,1610,2.0,No Info,11222
Air India,2019-06-24,Delhi,Cochin,12:00:00,19:15:00,435,2.0,No Info,9548
Indigo,2019-05-01,Kolkata,Banglore,06:20:00,10:20:00,240,1.0,No Info,4226
Jet Airways,2019-04-03,Banglore,Delhi,08:20:00,11:20:00,180,0.0,In-flight meal not included,4544
Jet Airways,2019-06-27,Delhi,Cochin,09:25:00,04:25:00,1140,2.0,No Info,13882
Indigo,2019-03-06,Delhi,Cochin,04:45:00,21:00:00,975,1.0,No Info,13611
Jet Airways,2019-05-12,Kolkata,Banglore,16:30:00,18:15:00,1545,1.0,In-flight meal not included,10844
Vistara,2019-05-09,Kolkata,Banglore,07:10:00,20:20:00,790,1.0,No Info,8610
Multiple Carriers,2019-05-27,Delhi,Cochin,09:45:00,16:10:00,385,1.0,No Info,10486
Air Asia,2019-04-21,Banglore,Delhi,11:10:00,13:55:00,165,0.0,No Info,4483
Jet Airways,2019-06-09,Delhi,Cochin,05:30:00,04:25:00,1375,2.0,In-flight meal not included,10368
Multiple Carriers,2019-06-24,Delhi,Cochin,10:00:00,01:30:00,930,1.0,No Info,13377
Vistara,2019-05-27,Chennai,Kolkata,17:45:00,20:05:00,140,0.0,No Info,11982
Jet Airways,2019-03-21,Banglore,New Delhi,19:55:00,22:35:00,160,0.0,No Info,7229
Vistara,2019-06-12,Kolkata,Banglore,07:10:00,09:05:00,1555,1.0,No Info,7927
Spicejet,2019-06-18,Chennai,Kolkata,08:20:00,10:35:00,135,0.0,No check-in baggage included,3543
Air India,2019-05-21,Mumbai,Hyderabad,19:30:00,20:45:00,75,0.0,No Info,3100
Jet Airways,2019-05-21,Kolkata,Banglore,08:25:00,20:45:00,740,1.0,In-flight meal not included,10844
Multiple Carriers,2019-04-09,Delhi,Cochin,13:00:00,21:00:00,480,1.0,No Info,12537
Indigo,2019-06-06,Delhi,Cochin,17:05:00,22:25:00,320,1.0,No Info,6493
Air India,2019-05-27,Delhi,Cochin,03:50:00,19:15:00,925,1.0,No Info,9719
Air Asia,2019-05-21,Kolkata,Banglore,15:10:00,23:30:00,500,2.0,No Info,5192
Indigo,2019-05-01,Kolkata,Banglore,19:35:00,23:15:00,220,1.0,No Info,4226
Air India,2019-05-21,Kolkata,Banglore,08:20:00,20:25:00,725,2.0,No Info,12324
Air India,2019-06-27,Kolkata,Banglore,20:45:00,23:20:00,155,0.0,No Info,4145
Jet Airways,2019-03-15,Banglore,New Delhi,08:00:00,16:10:00,490,1.0,In-flight meal not included,9134
Jet Airways,2019-05-06,Kolkata,Banglore,18:55:00,08:15:00,800,1.0,In-flight meal not included,7757
Jet Airways,2019-06-03,Delhi,Cochin,19:15:00,19:00:00,1425,1.0,In-flight meal not included,10262
Spicejet,2019-03-21,Kolkata,Banglore,17:15:00,19:45:00,150,0.0,No check-in baggage included,3815
Jet Airways,2019-05-09,Kolkata,Banglore,20:25:00,09:45:00,800,1.0,In-flight meal not included,10703
Jet Airways,2019-04-21,Banglore,Delhi,11:10:00,14:05:00,175,0.0,No Info,7229
Jet Airways,2019-05-18,Delhi,Cochin,19:30:00,04:25:00,535,2.0,In-flight meal not included,13029
Air India,2019-05-12,Mumbai,Hyderabad,19:30:00,20:45:00,75,0.0,No Info,3625
Indigo,2019-06-01,Kolkata,Banglore,04:40:00,07:15:00,155,0.0,No Info,4804
Jet Airways,2019-05-09,Kolkata,Banglore,09:35:00,23:35:00,840,1.0,No Info,12121
Jet Airways,2019-06-15,Delhi,Cochin,02:15:00,04:25:00,1570,1.0,In-flight meal not included,10262
Jet Airways,2019-06-09,Delhi,Cochin,11:45:00,12:35:00,1490,2.0,No Info,13882
Multiple Carriers,2019-05-27,Delhi,Cochin,17:50:00,01:30:00,460,2.0,No Info,18275
Indigo,2019-03-27,Delhi,Cochin,04:45:00,15:30:00,645,1.0,No Info,7048
Indigo,2019-06-09,Delhi,Cochin,20:25:00,01:30:00,305,1.0,No Info,5458
Multiple Carriers,2019-03-27,Delhi,Cochin,09:55:00,21:00:00,665,1.0,No Info,12537
Jet Airways,2019-06-15,Delhi,Cochin,14:35:00,12:35:00,1320,2.0,No Info,13376
Indigo,2019-05-09,Kolkata,Banglore,15:30:00,18:05:00,155,0.0,No Info,4804
Air India,2019-05-03,Chennai,Kolkata,11:40:00,13:55:00,135,0.0,No Info,4667
Jet Airways,2019-05-12,Kolkata,Banglore,06:30:00,04:40:00,1330,1.0,No Info,13941
Jet Airways,2019-03-27,Delhi,Cochin,20:50:00,04:25:00,455,1.0,No Info,12242
Jet Airways,2019-06-27,Delhi,Cochin,22:50:00,19:00:00,1210,1.0,In-flight meal not included,10262
Air India,2019-06-27,Mumbai,Hyderabad,21:05:00,22:25:00,80,0.0,No Info,3100
Air Asia,2019-06-27,Kolkata,Banglore,19:55:00,22:25:00,150,0.0,No Info,3807
Jet Airways,2019-05-27,Delhi,Cochin,19:15:00,12:35:00,1040,1.0,In-flight meal not included,12898
Air India,2019-05-21,Delhi,Cochin,17:20:00,09:25:00,965,1.0,No Info,7480
Jet Airways,2019-05-06,Kolkata,Banglore,17:00:00,23:35:00,395,1.0,In-flight meal not included,10703
Spicejet,2019-04-24,Delhi,Cochin,08:45:00,13:15:00,270,1.0,No Info,4812
Jet Airways,2019-03-24,Banglore,New Delhi,05:45:00,10:45:00,300,1.0,In-flight meal not included,8147
Vistara,2019-06-09,Kolkata,Banglore,07:10:00,09:05:00,1555,1.0,No Info,9397
Jet Airways,2019-06-15,Delhi,Cochin,11:40:00,19:00:00,440,2.0,No Info,18804
Spicejet,2019-04-27,Banglore,Delhi,09:30:00,12:20:00,170,0.0,No check-in baggage included,4885
Multiple Carriers,2019-05-27,Delhi,Cochin,11:30:00,01:30:00,840,1.0,No Info,13377
Jet Airways,2019-03-24,Mumbai,Hyderabad,10:20:00,11:50:00,90,0.0,In-flight meal not included,2759
Vistara,2019-06-06,Banglore,Delhi,07:00:00,09:40:00,160,0.0,No Info,4668
Jet Airways,2019-03-06,Banglore,New Delhi,14:05:00,05:05:00,900,1.0,In-flight meal not included,13502
Multiple Carriers,2019-03-27,Delhi,Cochin,08:00:00,15:30:00,450,1.0,No Info,6673
Indigo,2019-06-27,Delhi,Cochin,07:30:00,21:00:00,810,1.0,No Info,6093
Vistara,2019-03-01,Banglore,New Delhi,06:40:00,10:25:00,1665,1.0,No Info,12371
Air Asia,2019-06-06,Delhi,Cochin,16:45:00,22:25:00,340,1.0,No Info,11410
Jet Airways,2019-06-06,Delhi,Cochin,21:50:00,04:25:00,395,1.0,In-flight meal not included,10262
Multiple Carriers,2019-05-15,Delhi,Cochin,08:45:00,21:00:00,735,1.0,No Info,7670
Jet Airways,2019-05-06,Kolkata,Banglore,08:25:00,18:15:00,590,1.0,In-flight meal not included,10844
Indigo,2019-06-01,Delhi,Cochin,20:25:00,01:30:00,305,1.0,No Info,6593
Spicejet,2019-06-27,Mumbai,Hyderabad,05:45:00,07:15:00,90,0.0,No Info,2017
Jet Airways,2019-05-18,Kolkata,Banglore,18:55:00,16:20:00,1285,1.0,In-flight meal not included,10844
Indigo,2019-05-21,Delhi,Cochin,09:15:00,01:30:00,975,1.0,No Info,7318
Jet Airways,2019-05-09,Kolkata,Banglore,09:35:00,21:05:00,690,1.0,No Info,13067
Spicejet,2019-06-21,Chennai,Kolkata,09:45:00,12:00:00,135,0.0,No check-in baggage included,3543
Multiple Carriers,2019-03-06,Delhi,Cochin,17:30:00,01:35:00,485,1.0,No Info,17057
Indigo,2019-05-27,Delhi,Cochin,05:05:00,12:10:00,425,1.0,No Info,6600
Vistara,2019-04-12,Banglore,Delhi,09:45:00,12:35:00,170,0.0,No Info,5403
Air Asia,2019-05-15,Delhi,Cochin,07:55:00,13:25:00,330,1.0,No Info,6451
Air India,2019-03-06,Banglore,New Delhi,11:50:00,08:55:00,1265,1.0,No Info,14594
Indigo,2019-03-27,Delhi,Cochin,04:55:00,21:20:00,985,2.0,No Info,6223
Jet Airways,2019-06-24,Mumbai,Hyderabad,08:45:00,10:15:00,90,0.0,No Info,8040
Jet Airways,2019-06-12,Kolkata,Banglore,09:35:00,19:10:00,575,1.0,No Info,12692
Multiple Carriers,2019-03-06,Delhi,Cochin,09:00:00,21:00:00,720,1.0,In-flight meal not included,15136
Indigo,2019-03-15,Mumbai,Hyderabad,09:10:00,10:40:00,90,0.0,No Info,4049
Air Asia,2019-03-27,Kolkata,Banglore,19:35:00,22:05:00,150,0.0,No Info,3782
Vistara,2019-06-12,Chennai,Kolkata,07:05:00,09:20:00,135,0.0,No Info,3687
Air India,2019-05-06,Banglore,Delhi,10:00:00,12:45:00,165,0.0,No Info,5228
Jet Airways,2019-05-01,Kolkata,Banglore,09:35:00,23:35:00,840,1.0,No Info,13067
Goair,2019-05-12,Banglore,Delhi,20:55:00,23:40:00,165,0.0,No Info,3419
Indigo,2019-04-21,Kolkata,Banglore,14:25:00,16:55:00,150,0.0,No Info,5644
Air India,2019-04-01,Kolkata,Banglore,07:00:00,05:25:00,1345,2.0,No Info,12219
Jet Airways,2019-03-18,Banglore,New Delhi,22:50:00,08:15:00,565,1.0,In-flight meal not included,11087
Spicejet,2019-03-03,Kolkata,Banglore,22:20:00,00:40:00,140,0.0,No Info,5515
Spicejet,2019-06-21,Chennai,Kolkata,08:20:00,10:35:00,135,0.0,No check-in baggage included,3543
Spicejet,2019-04-09,Kolkata,Banglore,17:10:00,19:40:00,150,0.0,No Info,3873
Jet Airways,2019-06-06,Kolkata,Banglore,06:30:00,04:40:00,1330,1.0,In-flight meal not included,8586
Air India,2019-03-12,Mumbai,Hyderabad,09:40:00,15:15:00,1775,3.0,No Info,18293
Indigo,2019-03-21,Delhi,Cochin,10:45:00,15:30:00,285,1.0,No Info,6218
Multiple Carriers,2019-06-01,Delhi,Cochin,18:15:00,01:30:00,435,1.0,No Info,13377
Spicejet,2019-03-24,Mumbai,Hyderabad,22:45:00,00:10:00,85,0.0,No Info,2227
Air India,2019-04-03,Delhi,Cochin,17:20:00,09:25:00,965,1.0,No Info,5117
Multiple Carriers,2019-03-06,Delhi,Cochin,04:00:00,15:30:00,690,1.0,No Info,13135
Jet Airways,2019-03-09,Delhi,Cochin,13:45:00,04:25:00,880,2.0,No Info,17019
Multiple Carriers,2019-05-21,Delhi,Cochin,08:45:00,19:15:00,630,1.0,No Info,8266
Spicejet,2019-04-18,Banglore,Delhi,05:55:00,08:35:00,160,0.0,No check-in baggage included,4319
Spicejet,2019-04-21,Delhi,Cochin,08:45:00,13:15:00,270,1.0,No Info,6460
Jet Airways,2019-04-24,Banglore,Delhi,07:10:00,10:10:00,180,0.0,In-flight meal not included,6144
Spicejet,2019-06-03,Delhi,Cochin,17:55:00,22:50:00,295,1.0,No Info,5409
Air India,2019-04-24,Banglore,Delhi,17:00:00,19:45:00,165,0.0,No Info,6121
Multiple Carriers,2019-05-18,Delhi,Cochin,08:45:00,21:00:00,735,1.0,No Info,7670
Spicejet,2019-06-01,Banglore,Delhi,09:30:00,12:20:00,170,0.0,No Info,3971
Vistara,2019-05-18,Delhi,Cochin,14:40:00,17:50:00,190,0.0,No Info,6741
Air India,2019-03-01,Banglore,New Delhi,08:50:00,09:25:00,1475,2.0,No Info,25430
Goair,2019-03-01,Banglore,New Delhi,15:45:00,20:15:00,270,1.0,No Info,12314
Jet Airways,2019-06-06,Delhi,Cochin,20:55:00,04:25:00,450,1.0,In-flight meal not included,10262
Air India,2019-03-01,Kolkata,Banglore,14:15:00,16:45:00,150,0.0,No Info,6535
Jet Airways,2019-03-21,Delhi,Cochin,22:00:00,18:50:00,1250,1.0,No Info,12242
Jet Airways,2019-06-12,Delhi,Cochin,19:30:00,12:35:00,1025,2.0,In-flight meal not included,10368
Multiple Carriers,2019-06-27,Delhi,Cochin,10:20:00,19:00:00,520,1.0,No Info,11264
Multiple Carriers,2019-06-06,Delhi,Cochin,06:00:00,21:00:00,900,1.0,No Info,7005
Multiple Carriers,2019-06-03,Delhi,Cochin,07:10:00,22:30:00,920,1.0,No Info,7878
Air India,2019-03-09,Delhi,Cochin,05:15:00,06:50:00,1535,1.0,No Info,9790
Indigo,2019-06-01,Delhi,Cochin,06:50:00,12:10:00,320,1.0,No Info,5298
Multiple Carriers,2019-05-15,Delhi,Cochin,10:00:00,19:00:00,540,1.0,No Info,10197
Spicejet,2019-05-15,Kolkata,Banglore,09:00:00,11:25:00,145,0.0,No check-in baggage included,3841
Indigo,2019-06-15,Kolkata,Banglore,09:35:00,12:10:00,155,0.0,No Info,5644
Jet Airways,2019-06-12,Banglore,Delhi,15:15:00,18:10:00,175,0.0,No Info,8016
Jet Airways,2019-06-12,Delhi,Cochin,09:40:00,19:00:00,560,2.0,No Info,13014
Air Asia,2019-05-15,Delhi,Cochin,16:45:00,07:10:00,865,1.0,No Info,6752
Jet Airways,2019-04-01,Kolkata,Banglore,16:30:00,18:15:00,1545,1.0,In-flight meal not included,7064
Indigo,2019-06-06,Kolkata,Banglore,22:15:00,00:50:00,155,0.0,No Info,4804
Multiple Carriers,2019-05-09,Delhi,Cochin,10:20:00,19:00:00,520,1.0,No Info,9794
Jet Airways,2019-06-15,Banglore,Delhi,19:50:00,22:50:00,180,0.0,No Info,8016
Indigo,2019-04-01,Kolkata,Banglore,15:30:00,18:05:00,155,0.0,No Info,4174
Jet Airways,2019-06-27,Delhi,Cochin,21:25:00,19:00:00,1295,2.0,No Info,13292
Air Asia,2019-05-06,Banglore,Delhi,11:10:00,13:55:00,165,0.0,No Info,3383
Jet Airways,2019-05-09,Mumbai,Hyderabad,07:05:00,08:30:00,85,0.0,In-flight meal not included,4995
Spicejet,2019-05-21,Banglore,Delhi,05:55:00,08:35:00,160,0.0,No check-in baggage included,3257
Jet Airways,2019-05-21,Kolkata,Banglore,20:00:00,12:00:00,960,1.0,In-flight meal not included,10844
Jet Airways,2019-03-24,Kolkata,Banglore,19:45:00,04:45:00,540,1.0,No Info,13759
Jet Airways,2019-03-18,Banglore,New Delhi,14:05:00,20:20:00,375,1.0,In-flight meal not included,11087
Multiple Carriers,2019-05-18,Delhi,Cochin,15:00:00,01:30:00,630,1.0,No Info,13727
Jet Airways,2019-03-06,Banglore,New Delhi,08:00:00,13:15:00,315,1.0,No Info,19225
Jet Airways,2019-06-01,Delhi,Cochin,02:15:00,19:00:00,1005,1.0,In-flight meal not included,10262
Multiple Carriers,2019-05-27,Delhi,Cochin,09:00:00,21:00:00,720,1.0,No Info,13587
Indigo,2019-04-03,Banglore,Delhi,18:55:00,21:50:00,175,0.0,No Info,4823
Jet Airways,2019-04-09,Delhi,Cochin,09:40:00,04:25:00,1125,2.0,No Info,10909
Jet Airways,2019-04-27,Banglore,Delhi,19:50:00,22:50:00,180,0.0,No Info,7229
Spicejet,2019-06-21,Kolkata,Banglore,06:55:00,09:30:00,155,0.0,No Info,3873
Indigo,2019-04-27,Delhi,Cochin,07:35:00,12:10:00,275,1.0,No Info,5073
Jet Airways,2019-05-01,Kolkata,Banglore,20:25:00,18:00:00,1295,1.0,In-flight meal not included,9314
Air Asia,2019-04-27,Delhi,Cochin,16:45:00,07:10:00,865,1.0,No Info,6451
Jet Airways,2019-05-21,Mumbai,Hyderabad,19:35:00,21:05:00,90,0.0,In-flight meal not included,3210
Air India,2019-05-15,Kolkata,Banglore,09:10:00,04:40:00,1170,2.0,No Info,6117
Air India,2019-06-03,Delhi,Cochin,18:30:00,19:15:00,1485,2.0,No Info,12488
Jet Airways,2019-05-09,Delhi,Cochin,09:40:00,04:25:00,1125,2.0,No Info,15129
Jet Airways,2019-06-09,Delhi,Cochin,05:30:00,19:00:00,810,2.0,No Info,13014
Jet Airways,2019-06-24,Delhi,Cochin,21:25:00,12:35:00,910,2.0,No Info,12609
Indigo,2019-06-06,Kolkata,Banglore,04:40:00,07:15:00,155,0.0,No Info,4804
Multiple Carriers,2019-06-01,Delhi,Cochin,17:50:00,01:30:00,460,2.0,No Info,18485
Jet Airways,2019-06-27,Delhi,Cochin,10:00:00,19:00:00,540,1.0,No Info,14714
Air India,2019-05-27,Chennai,Kolkata,11:40:00,13:55:00,135,0.0,No Info,4667
Jet Airways,2019-05-18,Kolkata,Banglore,14:05:00,23:35:00,570,1.0,No Info,14781
Multiple Carriers,2019-06-12,Delhi,Cochin,07:05:00,22:30:00,925,1.0,No Info,9646
Spicejet,2019-06-01,Kolkata,Banglore,09:00:00,11:25:00,145,0.0,No Info,4174
Multiple Carriers,2019-06-12,Delhi,Cochin,13:00:00,01:30:00,750,1.0,No Info,7198
Jet Airways,2019-03-21,Banglore,New Delhi,11:40:00,07:40:00,1200,1.0,In-flight meal not included,7832
Spicejet,2019-05-06,Kolkata,Banglore,09:00:00,11:25:00,145,0.0,No Info,4174
Jet Airways,2019-05-18,Delhi,Cochin,05:30:00,04:25:00,1375,2.0,No Info,15129
Spicejet,2019-04-03,Mumbai,Hyderabad,13:15:00,14:45:00,90,0.0,No check-in baggage included,1965
Indigo,2019-04-21,Delhi,Cochin,02:00:00,07:25:00,325,1.0,No Info,5636
Air India,2019-06-27,Delhi,Cochin,13:00:00,19:15:00,375,1.0,No Info,8372
Air India,2019-06-06,Kolkata,Banglore,10:00:00,05:25:00,1165,2.0,No Info,13007
Spicejet,2019-04-01,Kolkata,Banglore,08:35:00,17:15:00,520,1.0,No Info,6013
Multiple Carriers,2019-05-15,Delhi,Cochin,17:30:00,01:30:00,480,1.0,No Info,13727
Jet Airways,2019-06-24,Delhi,Cochin,20:00:00,04:25:00,505,2.0,No Info,14300
Jet Airways,2019-03-06,Banglore,New Delhi,11:40:00,09:30:00,1310,1.0,No Info,17261
Spicejet,2019-06-27,Kolkata,Banglore,17:10:00,19:40:00,150,0.0,No Info,3873
Jet Airways,2019-05-27,Delhi,Cochin,19:30:00,12:35:00,1025,2.0,In-flight meal not included,13029
Jet Airways,2019-05-21,Delhi,Cochin,09:40:00,12:35:00,1615,2.0,In-flight meal not included,13029
Multiple Carriers,2019-06-09,Delhi,Cochin,17:50:00,01:30:00,460,2.0,No Info,18485
Multiple Carriers,2019-03-06,Delhi,Cochin,07:05:00,21:20:00,855,2.0,No Info,7084
Indigo,2019-04-15,Delhi,Cochin,14:25:00,17:40:00,195,0.0,No Info,6015
Multiple Carriers,2019-03-27,Delhi,Cochin,07:30:00,19:15:00,705,1.0,No Info,8371
Air India,2019-05-21,Kolkata,Banglore,20:45:00,23:20:00,155,0.0,No Info,4145
Spicejet,2019-05-27,Mumbai,Hyderabad,22:45:00,00:15:00,90,0.0,No Info,2017
Jet Airways,2019-03-06,Banglore,New Delhi,08:55:00,09:00:00,1445,1.0,No Info,15025
Jet Airways,2019-05-12,Banglore,Delhi,06:00:00,08:45:00,165,0.0,In-flight meal not included,5198
Jet Airways,2019-05-21,Kolkata,Banglore,21:10:00,16:20:00,1150,1.0,In-flight meal not included,10844
Multiple Carriers,2019-04-09,Delhi,Cochin,10:35:00,19:15:00,520,1.0,No Info,6106
Air India,2019-03-09,Delhi,Cochin,20:15:00,19:15:00,1380,2.0,No Info,19681
Spicejet,2019-06-03,Banglore,Delhi,09:30:00,12:20:00,170,0.0,No check-in baggage included,3919
Jet Airways,2019-05-21,Kolkata,Banglore,20:00:00,19:50:00,1430,1.0,In-flight meal not included,10844
Indigo,2019-05-27,Delhi,Cochin,16:00:00,01:30:00,570,1.0,No Info,7048
Jet Airways,2019-04-01,Kolkata,Banglore,21:10:00,04:40:00,450,1.0,In-flight meal not included,8849
Goair,2019-05-18,Kolkata,Banglore,16:40:00,00:15:00,455,1.0,No Info,10586
Jet Airways,2019-05-01,Banglore,Delhi,11:10:00,14:05:00,175,0.0,In-flight meal not included,4030
Multiple Carriers,2019-06-12,Delhi,Cochin,07:10:00,16:10:00,540,1.0,No Info,6513
Jet Airways,2019-05-06,Kolkata,Banglore,17:00:00,19:10:00,1570,1.0,No Info,13067
Multiple Carriers,2019-06-09,Delhi,Cochin,11:40:00,01:30:00,830,1.0,No Info,6795
Jet Airways,2019-06-03,Delhi,Cochin,02:15:00,12:35:00,620,1.0,No Info,14714
Indigo,2019-06-12,Chennai,Kolkata,22:05:00,00:25:00,140,0.0,No Info,5277
Jet Airways,2019-03-01,Banglore,New Delhi,18:40:00,00:45:00,365,1.0,No Info,35185
Multiple Carriers,2019-05-18,Delhi,Cochin,07:05:00,19:15:00,730,1.0,No Info,14533
Air Asia,2019-04-15,Kolkata,Banglore,10:20:00,12:55:00,155,0.0,No Info,4409
Air Asia,2019-06-27,Delhi,Cochin,07:55:00,22:25:00,870,1.0,No Info,6152
Spicejet,2019-06-09,Delhi,Cochin,08:45:00,13:15:00,270,1.0,No Info,5264
Goair,2019-03-03,Banglore,New Delhi,07:45:00,10:40:00,175,0.0,No Info,7222
Indigo,2019-05-06,Banglore,Delhi,07:10:00,10:05:00,175,0.0,No Info,4823
Indigo,2019-05-15,Delhi,Cochin,07:30:00,21:00:00,810,1.0,No Info,7191
Air India,2019-05-12,Kolkata,Banglore,09:25:00,05:35:00,1210,2.0,No Info,11432
Air Asia,2019-05-15,Banglore,Delhi,11:10:00,13:55:00,165,0.0,No Info,3383
Air India,2019-05-15,Kolkata,Banglore,09:25:00,17:20:00,1915,2.0,No Info,13616
Multiple Carriers,2019-05-09,Delhi,Cochin,04:55:00,19:15:00,860,1.0,No Info,7575
Air India,2019-03-27,Delhi,Cochin,21:00:00,19:15:00,1335,1.0,No Info,6692
Jet Airways,2019-05-09,Delhi,Cochin,17:30:00,12:35:00,1145,1.0,In-flight meal not included,12373
Air India,2019-04-24,Delhi,Cochin,14:10:00,17:10:00,180,0.0,No Info,6094
Jet Airways,2019-06-12,Kolkata,Banglore,16:30:00,19:50:00,1640,1.0,In-flight meal not included,8529
Indigo,2019-06-18,Chennai,Kolkata,19:35:00,21:55:00,140,0.0,No Info,3597
Vistara,2019-06-09,Chennai,Kolkata,17:45:00,20:05:00,140,0.0,No Info,11982
Indigo,2019-06-21,Delhi,Cochin,05:35:00,08:50:00,195,0.0,No Info,5000
Jet Airways,2019-06-06,Kolkata,Banglore,06:30:00,16:20:00,590,1.0,No Info,14571
Air India,2019-03-03,Delhi,Cochin,05:00:00,19:15:00,2295,2.0,No Info,10283
Spicejet,2019-03-15,Mumbai,Hyderabad,13:10:00,14:30:00,80,0.0,No check-in baggage included,2385
Vistara,2019-04-01,Kolkata,Banglore,20:20:00,09:05:00,765,1.0,No Info,7980
Multiple Carriers,2019-03-03,Delhi,Cochin,07:05:00,13:20:00,375,1.0,No Info,17057
Multiple Carriers,2019-03-06,Delhi,Cochin,07:05:00,21:00:00,835,1.0,No Info,17267
Multiple Carriers,2019-03-06,Delhi,Cochin,11:30:00,18:50:00,440,1.0,No Info,15135
Air India,2019-03-15,Banglore,New Delhi,08:15:00,22:55:00,880,2.0,No Info,7904
Jet Airways,2019-03-12,Banglore,New Delhi,05:45:00,12:15:00,390,1.0,No Info,17524
Indigo,2019-06-01,Chennai,Kolkata,22:05:00,00:25:00,140,0.0,No Info,5277
Jet Airways,2019-06-09,Kolkata,Banglore,20:25:00,23:35:00,1630,1.0,No Info,12692
Indigo,2019-05-15,Kolkata,Banglore,09:20:00,14:15:00,295,1.0,No Info,11319
Jet Airways,2019-06-15,Delhi,Cochin,05:30:00,04:25:00,1375,2.0,No Info,13014
Jet Airways,2019-05-18,Kolkata,Banglore,16:30:00,16:20:00,1430,1.0,In-flight meal not included,10844
Air India,2019-03-03,Banglore,New Delhi,10:30:00,22:55:00,745,1.0,No Info,11003
Air Asia,2019-05-03,Kolkata,Banglore,19:55:00,22:25:00,150,0.0,No Info,5989
Jet Airways,2019-06-06,Kolkata,Banglore,20:25:00,14:25:00,1080,1.0,In-flight meal not included,10539
Spicejet,2019-04-09,Kolkata,Banglore,22:20:00,00:40:00,140,0.0,No Info,3873
Spicejet,2019-04-24,Banglore,Delhi,21:10:00,00:05:00,175,0.0,No Info,3625
Air India,2019-06-24,Delhi,Cochin,19:45:00,19:15:00,1410,2.0,No Info,9443
Jet Airways,2019-06-12,Delhi,Cochin,12:15:00,12:35:00,1460,2.0,No Info,14300
Indigo,2019-03-18,Mumbai,Hyderabad,02:30:00,04:00:00,90,0.0,No Info,2754
Jet Airways,2019-03-06,Banglore,New Delhi,21:25:00,09:30:00,725,1.0,No Info,17261
Jet Airways,2019-06-09,Kolkata,Banglore,21:10:00,22:35:00,1525,1.0,In-flight meal not included,10844
Jet Airways,2019-03-09,Delhi,Cochin,00:20:00,04:25:00,1685,1.0,No Info,15029
Jet Airways,2019-06-12,Kolkata,Banglore,09:35:00,23:35:00,840,1.0,No Info,12692
Goair,2019-04-03,Delhi,Cochin,07:00:00,12:55:00,355,1.0,No Info,4725
Jet Airways,2019-05-27,Delhi,Cochin,19:10:00,19:00:00,1430,2.0,No Info,15129
Jet Airways,2019-06-27,Mumbai,Hyderabad,19:35:00,21:05:00,90,0.0,No Info,5678
Indigo,2019-06-27,Mumbai,Hyderabad,06:25:00,07:55:00,90,0.0,No Info,4049
Air Asia,2019-05-06,Kolkata,Banglore,07:35:00,19:25:00,710,1.0,No Info,5192
Spicejet,2019-04-27,Delhi,Cochin,17:55:00,22:50:00,295,1.0,No Info,4957
Jet Airways,2019-05-12,Kolkata,Banglore,18:55:00,04:40:00,585,1.0,In-flight meal not included,9663
Multiple Carriers,2019-06-15,Delhi,Cochin,08:45:00,21:00:00,735,1.0,No Info,7005
Jet Airways,2019-06-03,Delhi,Cochin,09:40:00,12:35:00,1615,2.0,No Info,13014
Jet Airways,2019-05-21,Delhi,Cochin,07:05:00,12:35:00,330,1.0,No Info,16289
Spicejet,2019-03-21,Mumbai,Hyderabad,05:45:00,07:05:00,80,0.0,No Info,3173
Jet Airways,2019-03-12,Banglore,New Delhi,18:55:00,16:10:00,1275,1.0,In-flight meal not included,11087
Jet Airways,2019-03-12,Banglore,New Delhi,22:55:00,07:40:00,525,1.0,No Info,13817
Multiple Carriers,2019-06-27,Delhi,Cochin,09:00:00,19:15:00,615,1.0,No Info,14848
Jet Airways,2019-05-21,Kolkata,Banglore,16:30:00,04:40:00,730,1.0,No Info,14388
Multiple Carriers,2019-05-15,Delhi,Cochin,10:00:00,19:15:00,555,1.0,No Info,14323
Air India,2019-03-21,Banglore,New Delhi,11:50:00,19:50:00,480,1.0,No Info,5932
Indigo,2019-03-21,Chennai,Kolkata,07:55:00,10:15:00,140,0.0,No Info,3384
Jet Airways,2019-03-27,Delhi,Cochin,15:05:00,04:25:00,800,1.0,In-flight meal not included,6017
Jet Airways,2019-03-15,Mumbai,Hyderabad,10:20:00,11:50:00,90,0.0,No Info,8040
Indigo,2019-05-27,Delhi,Cochin,11:25:00,21:00:00,575,1.0,No Info,6314
Indigo,2019-06-12,Delhi,Cochin,05:05:00,16:10:00,665,1.0,No Info,6818
Jet Airways,2019-06-12,Delhi,Cochin,18:15:00,19:00:00,1485,1.0,In-flight meal not included,10262
Indigo,2019-05-27,Delhi,Cochin,11:55:00,22:30:00,635,1.0,No Info,6442
Vistara,2019-06-09,Delhi,Cochin,14:40:00,17:50:00,190,0.0,No Info,6216
Jet Airways,2019-03-09,Delhi,Cochin,20:10:00,04:25:00,495,2.0,No Info,20904
Indigo,2019-06-01,Delhi,Cochin,07:35:00,12:10:00,275,1.0,No Info,5054
Indigo,2019-05-03,Banglore,Delhi,18:55:00,21:50:00,175,0.0,No Info,4823
Air India,2019-03-09,Delhi,Cochin,23:00:00,07:40:00,520,1.0,No Info,10840
Jet Airways,2019-06-09,Kolkata,Banglore,06:30:00,16:20:00,590,1.0,In-flight meal not included,10844
Air India,2019-05-01,Kolkata,Banglore,05:50:00,23:15:00,1045,2.0,No Info,10991
Jet Airways,2019-06-12,Kolkata,Banglore,14:05:00,04:40:00,875,1.0,No Info,12739
Jet Airways,2019-04-18,Delhi,Cochin,11:00:00,14:15:00,195,0.0,No Info,9564
Jet Airways,2019-06-06,Banglore,Delhi,07:10:00,10:10:00,180,0.0,No Info,8016
Jet Airways,2019-05-01,Banglore,Delhi,08:20:00,11:20:00,180,0.0,No Info,7229
Indigo,2019-06-06,Chennai,Kolkata,11:35:00,14:00:00,145,0.0,No Info,3858
Jet Airways,2019-05-01,Banglore,Delhi,19:50:00,22:50:00,180,0.0,No Info,7229
Air India,2019-06-27,Delhi,Cochin,18:45:00,19:15:00,1470,2.0,No Info,11942
Air India,2019-05-27,Banglore,Delhi,17:00:00,19:45:00,165,0.0,No Info,6961
Indigo,2019-05-21,Mumbai,Hyderabad,20:05:00,21:40:00,95,0.0,No Info,2227
Air Asia,2019-06-24,Banglore,Delhi,11:10:00,13:55:00,165,0.0,No Info,3383
Spicejet,2019-06-21,Mumbai,Hyderabad,13:15:00,14:45:00,90,0.0,No check-in baggage included,1965
Multiple Carriers,2019-05-21,Delhi,Cochin,10:00:00,01:30:00,930,1.0,No Info,7888
Multiple Carriers,2019-04-09,Delhi,Cochin,19:00:00,01:30:00,390,1.0,No Info,7363
Spicejet,2019-05-18,Banglore,Delhi,05:55:00,08:35:00,160,0.0,No Info,3625
Jet Airways,2019-05-09,Delhi,Cochin,02:15:00,04:25:00,1570,1.0,In-flight meal not included,12373
Jet Airways,2019-04-01,Kolkata,Banglore,18:55:00,04:40:00,585,1.0,In-flight meal not included,7064
Multiple Carriers,2019-06-12,Delhi,Cochin,12:50:00,21:00:00,490,1.0,No Info,7005
Jet Airways,2019-05-27,Banglore,Delhi,19:50:00,22:50:00,180,0.0,No Info,7229
Jet Airways,2019-03-27,Delhi,Cochin,07:05:00,04:25:00,1280,1.0,In-flight meal not included,6645
Air India,2019-03-03,Delhi,Cochin,14:10:00,17:10:00,180,0.0,No Info,7931
Jet Airways,2019-05-09,Kolkata,Banglore,14:05:00,20:45:00,400,1.0,In-flight meal not included,10844
Multiple Carriers,2019-05-09,Delhi,Cochin,10:20:00,21:00:00,640,1.0,No Info,7670
Indigo,2019-05-21,Chennai,Kolkata,19:35:00,21:55:00,140,0.0,No Info,3597
Jet Airways,2019-03-27,Delhi,Cochin,02:15:00,18:50:00,995,1.0,No Info,12242
Indigo,2019-05-27,Delhi,Cochin,10:35:00,21:00:00,625,1.0,No Info,6314
Jet Airways,2019-03-03,Banglore,New Delhi,08:00:00,05:05:00,1265,1.0,In-flight meal not included,13502
Vistara,2019-05-01,Kolkata,Banglore,20:20:00,10:45:00,865,1.0,No Info,9187
Vistara,2019-03-24,Banglore,New Delhi,16:00:00,18:35:00,155,0.0,No Info,5613
Goair,2019-05-12,Banglore,Delhi,07:45:00,10:40:00,175,0.0,No Info,3898
Air India,2019-03-15,Banglore,New Delhi,05:50:00,22:10:00,980,2.0,No Info,9796
Jet Airways,2019-05-27,Delhi,Cochin,09:40:00,04:25:00,1125,2.0,In-flight meal not included,13029
Multiple Carriers,2019-06-03,Delhi,Cochin,07:05:00,19:15:00,730,1.0,No Info,15058
Air India,2019-05-18,Delhi,Cochin,10:00:00,07:40:00,1300,1.0,No Info,8372
Multiple Carriers,2019-05-18,Delhi,Cochin,13:00:00,19:15:00,375,1.0,No Info,14533
Indigo,2019-06-01,Kolkata,Banglore,21:25:00,00:05:00,160,0.0,No Info,4804
Indigo,2019-03-01,Kolkata,Banglore,15:10:00,17:45:00,155,0.0,No Info,6565
Multiple Carriers,2019-03-27,Delhi,Cochin,08:00:00,15:30:00,450,1.0,No Info,12537
Indigo,2019-05-15,Mumbai,Hyderabad,12:00:00,13:30:00,90,0.0,No Info,2754
Indigo,2019-03-27,Delhi,Cochin,04:45:00,13:20:00,515,1.0,No Info,7048
Multiple Carriers,2019-06-06,Delhi,Cochin,12:50:00,19:15:00,385,1.0,No Info,8266
Indigo,2019-05-12,Mumbai,Hyderabad,21:20:00,22:50:00,90,0.0,No Info,2227
Air India,2019-04-12,Banglore,Delhi,21:05:00,23:55:00,170,0.0,No Info,5911
Jet Airways,2019-06-15,Delhi,Cochin,17:30:00,19:00:00,1530,1.0,In-flight meal not included,10262
Jet Airways,2019-04-01,Kolkata,Banglore,20:25:00,09:45:00,800,1.0,No Info,14151
Jet Airways,2019-06-03,Delhi,Cochin,15:00:00,19:00:00,1680,1.0,No Info,14714
Multiple Carriers,2019-06-24,Delhi,Cochin,09:45:00,22:30:00,765,1.0,No Info,9646
Air India,2019-06-06,Delhi,Cochin,17:15:00,19:15:00,1560,2.0,No Info,12777
Air India,2019-05-12,Kolkata,Banglore,09:50:00,21:05:00,675,1.0,No Info,8450
Jet Airways,2019-05-21,Kolkata,Banglore,06:30:00,18:15:00,705,1.0,In-flight meal not included,10844
Jet Airways,2019-03-24,Kolkata,Banglore,13:55:00,16:20:00,1585,1.0,In-flight meal not included,10031
Indigo,2019-06-21,Mumbai,Hyderabad,19:05:00,20:35:00,90,0.0,No Info,4049
Vistara,2019-03-06,Mumbai,Hyderabad,07:30:00,19:55:00,745,1.0,No Info,12395
Air India,2019-03-27,Delhi,Cochin,07:00:00,19:15:00,735,1.0,No Info,6377
Spicejet,2019-05-24,Kolkata,Banglore,17:10:00,19:40:00,150,0.0,No Info,4174
Jet Airways,2019-06-09,Kolkata,Banglore,21:10:00,18:15:00,1265,1.0,No Info,14571
Indigo,2019-03-21,Banglore,New Delhi,13:40:00,18:35:00,295,1.0,No Info,7166
Air India,2019-03-21,Delhi,Cochin,06:50:00,19:15:00,2185,2.0,No Info,10756
Jet Airways,2019-06-21,Banglore,Delhi,11:10:00,14:05:00,175,0.0,No Info,8016
Jet Airways,2019-05-18,Delhi,Cochin,21:50:00,12:35:00,885,1.0,In-flight meal not included,12373
Indigo,2019-05-27,Delhi,Cochin,21:50:00,03:35:00,345,1.0,No Info,6769
Jet Airways,2019-05-18,Kolkata,Banglore,08:25:00,08:15:00,1430,1.0,In-flight meal not included,9663
Jet Airways,2019-05-09,Kolkata,Banglore,20:25:00,10:55:00,870,1.0,In-flight meal not included,8066
Spicejet,2019-06-24,Chennai,Kolkata,08:20:00,10:35:00,135,0.0,No check-in baggage included,3543
Jet Airways,2019-03-24,Mumbai,Hyderabad,02:55:00,04:25:00,90,0.0,No Info,5678
Jet Airways,2019-05-27,Delhi,Cochin,23:05:00,19:00:00,1195,2.0,No Info,15129
Jet Airways,2019-05-21,Delhi,Cochin,07:05:00,19:00:00,715,1.0,In-flight meal not included,12239
Spicejet,2019-04-15,Delhi,Cochin,08:45:00,13:15:00,270,1.0,No Info,5830
Jet Airways,2019-06-12,Kolkata,Banglore,09:35:00,09:45:00,1450,1.0,No Info,12692
Air India,2019-06-06,Delhi,Cochin,07:05:00,09:25:00,1580,2.0,No Info,11447
Jet Airways,2019-05-09,Delhi,Cochin,19:30:00,12:35:00,1025,2.0,In-flight meal not included,13029
Jet Airways,2019-03-24,Kolkata,Banglore,06:30:00,04:45:00,1335,1.0,No Info,13759
Indigo,2019-05-15,Mumbai,Hyderabad,06:25:00,07:55:00,90,0.0,No Info,4049
Jet Airways,2019-06-03,Delhi,Cochin,19:15:00,04:25:00,550,1.0,In-flight meal not included,10262
Jet Airways,2019-03-03,Delhi,Cochin,05:25:00,04:25:00,2820,2.0,No Info,20064
Jet Airways,2019-06-06,Delhi,Cochin,05:30:00,12:35:00,425,2.0,No Info,14441
Jet Airways,2019-06-06,Delhi,Cochin,14:00:00,19:00:00,300,1.0,In-flight meal not included,10262
Jet Airways,2019-06-12,Delhi,Cochin,19:15:00,19:00:00,1425,1.0,In-flight meal not included,10262
Indigo,2019-04-24,Delhi,Cochin,15:10:00,20:00:00,290,1.0,No Info,6027
Jet Airways,2019-03-24,Banglore,New Delhi,08:20:00,11:15:00,175,0.0,No Info,7229
Indigo,2019-03-27,Mumbai,Hyderabad,12:00:00,13:25:00,85,0.0,No Info,2754
Indigo,2019-06-24,Delhi,Cochin,17:10:00,01:30:00,500,1.0,No Info,5684
Jet Airways,2019-06-24,Delhi,Cochin,19:10:00,19:00:00,1430,2.0,No Info,12819
Vistara,2019-05-18,Kolkata,Banglore,20:20:00,10:45:00,865,1.0,No Info,9187
Spicejet,2019-03-09,Kolkata,Banglore,06:55:00,09:35:00,160,0.0,No Info,4622
Air India,2019-05-09,Kolkata,Banglore,19:00:00,11:05:00,965,1.0,No Info,6117
Vistara,2019-04-01,Kolkata,Banglore,17:00:00,10:45:00,1065,1.0,No Info,9187
Jet Airways,2019-03-18,Banglore,New Delhi,08:55:00,15:55:00,420,2.0,In-flight meal not included,11245
Indigo,2019-04-12,Banglore,Delhi,18:55:00,21:50:00,175,0.0,No Info,5780
Air India,2019-03-24,Banglore,New Delhi,13:20:00,16:10:00,170,0.0,No Info,4441
Jet Airways,2019-06-06,Kolkata,Banglore,20:00:00,08:15:00,735,1.0,In-flight meal not included,10844
Goair,2019-06-24,Delhi,Cochin,10:35:00,19:35:00,540,1.0,No Info,3876
Air India,2019-05-18,Kolkata,Banglore,09:25:00,18:20:00,535,2.0,No Info,8366
Vistara,2019-05-27,Banglore,Delhi,17:00:00,19:35:00,155,0.0,No Info,4878
Indigo,2019-05-27,Banglore,Delhi,20:00:00,22:50:00,170,0.0,No Info,4823
Indigo,2019-03-27,Delhi,Cochin,18:35:00,01:35:00,420,1.0,No Info,8574
Air India,2019-05-18,Delhi,Cochin,20:30:00,23:00:00,1590,1.0,No Info,8907
Jet Airways,2019-05-06,Kolkata,Banglore,17:00:00,15:05:00,1325,1.0,No Info,13067
Spicejet,2019-05-18,Kolkata,Banglore,11:35:00,18:50:00,435,1.0,No Info,8479
Goair,2019-03-24,Kolkata,Banglore,16:25:00,00:05:00,460,1.0,No Info,10198
Air India,2019-06-06,Delhi,Cochin,05:55:00,19:15:00,800,2.0,No Info,10861
